<?xml version="1.0" encoding="UTF-8"?>
<project-private xmlns="http://www.netbeans.org/ns/project-private/1">
    <editor-bookmarks xmlns="http://www.netbeans.org/ns/editor-bookmarks/2" lastBookmarkId="0"/>
    <open-files xmlns="http://www.netbeans.org/ns/projectui-open-files/2">
        <group>
            <file>file:/C:/code/Aptech/C2209GDoiCan/EJB/jms02/src/jms02/JMSClient.java</file>
            <file>file:/C:/code/Aptech/C2209GDoiCan/EJB/jms02/src/jms02/Server.java</file>
        </group>
    </open-files>
</project-private>
